{"cameraMode":{"drawMode":0,"name":"Shaded","section":"Shading Mode"},"sceneLighting":false,"audioPlay":false,"sceneViewState":{"showFog":true,"showMaterialUpdate":false,"showSkybox":true,"showFlares":true,"showImageEffects":true,"showParticleSystems":true},"in2DMode":false,"pivot":{"x":1.1920928955078126e-7,"y":0.6336727142333984,"z":-0.21189895272254945},"rotation":{"x":0.16813139617443086,"y":-0.5797169208526611,"z":0.12375110387802124,"w":0.7876203656196594},"size":2.9418163299560549,"orthographic":false}